{"cameraMode":{"drawMode":0,"name":"Shaded","section":"Shading Mode"},"sceneLighting":true,"audioPlay":false,"sceneViewState":{"showFog":true,"showMaterialUpdate":false,"showSkybox":true,"showFlares":true,"showImageEffects":true,"showParticleSystems":true},"in2DMode":false,"pivot":{"x":33.99577331542969,"y":20.983905792236329,"z":1.237112045288086},"rotation":{"x":-0.5205976366996765,"y":-0.02509671077132225,"z":0.015311204828321934,"w":-0.8532959222793579},"size":56.08664321899414,"orthographic":false}